Workbook

Sheet Suivi_Hebdomadaire
A1: Membre | B1: Date de début | C1: Base Attendu Historique | D1: Dépôts Antérieurs | E1: Semaines Écoulées | F1: Total Attendu | G1: Nouveaux Dépôts | H1: Total Dépôts | I1: Dette Globale | K1: S1 | L1: S2 | M1: S3 | N1: S4 | O1: S5 | P1: S6 | Q1: S7 | R1: S8 | S1: S9 | T1: S10 | U1: S11 | V1: S12 | W1: S13 | X1: S14 | Y1: S15 | Z1: S16 | AA1: S17 | AB1: S18 | AC1: S19 | AD1: S20 | AE1: S21 | AF1: S22 | AG1: S23 | AH1: S24 | AI1: S25 | AJ1: S26 | AK1: S27 | AL1: S28 | AM1: S29 | AN1: S30 | AO1: S31 | AP1: S32 | AQ1: S33 | AR1: S34 | AS1: S35 | AT1: S36 | AU1: S37 | AV1: S38 | AW1: S39 | AX1: S40 | AY1: S41 | AZ1: S42 | BA1: S43 | BB1: S44 | BC1: S45 | BD1: S46 | BE1: S47 | BF1: S48 | BG1: S49 | BH1: S50 | BI1: S51 | BJ1: S52
A2: Colonne2 | B2: 05/04/2026 | C2: 0 | D2: 0 | E2: =MAX(0, INT((TODAY()-B2)/7)) -> 0 | F2: =C2+(E2*10000) -> 0 | G2: =SUM(K2:BJ2) -> 10000 | H2: =D2+G2 -> 10000 | I2: =MAX(0, F2-H2) -> 0 | K2: 10000
A3: Colonne3 | B3: 05/04/2026 | C3: 0 | D3: 0 | E3: =MAX(0, INT((TODAY()-B3)/7)) -> 0 | F3: =C3+(E3*10000) -> 0 | G3: =SUM(K3:BJ3) -> 0 | H3: =D3+G3 -> 0 | I3: =MAX(0, F3-H3) -> 0
A4: Colonne4 | B4: 05/04/2026 | C4: 0 | D4: 0 | E4: =MAX(0, INT((TODAY()-B4)/7)) -> 0 | F4: =C4+(E4*10000) -> 0 | G4: =SUM(K4:BJ4) -> 0 | H4: =D4+G4 -> 0 | I4: =MAX(0, F4-H4) -> 0
A5: Colonne5 | B5: 05/04/2026 | C5: 0 | D5: 0 | E5: =MAX(0, INT((TODAY()-B5)/7)) -> 0 | F5: =C5+(E5*10000) -> 0 | G5: =SUM(K5:BJ5) -> 0 | H5: =D5+G5 -> 0 | I5: =MAX(0, F5-H5) -> 0
A6: Colonne6 | B6: 05/04/2026 | C6: 0 | D6: 0 | E6: =MAX(0, INT((TODAY()-B6)/7)) -> 0 | F6: =C6+(E6*10000) -> 0 | G6: =SUM(K6:BJ6) -> 0 | H6: =D6+G6 -> 0 | I6: =MAX(0, F6-H6) -> 0
A7: Colonne62 | B7: 05/04/2026 | C7: 0 | D7: 0 | E7: =MAX(0, INT((TODAY()-B7)/7)) -> 0 | F7: =C7+(E7*10000) -> 0 | G7: =SUM(K7:BJ7) -> 0 | H7: =D7+G7 -> 0 | I7: =MAX(0, F7-H7) -> 0
A8: Colonne7 | B8: 05/04/2026 | C8: 0 | D8: 0 | E8: =MAX(0, INT((TODAY()-B8)/7)) -> 0 | F8: =C8+(E8*10000) -> 0 | G8: =SUM(K8:BJ8) -> 0 | H8: =D8+G8 -> 0 | I8: =MAX(0, F8-H8) -> 0
A9: Colonne8 | B9: 05/04/2026 | C9: 0 | D9: 0 | E9: =MAX(0, INT((TODAY()-B9)/7)) -> 0 | F9: =C9+(E9*10000) -> 0 | G9: =SUM(K9:BJ9) -> 0 | H9: =D9+G9 -> 0 | I9: =MAX(0, F9-H9) -> 0

Sheet Feuil2

Sheet Feuil1
A1: Colonne1 | B1: Colonne2 | C1: Colonne3 | D1: Colonne4 | E1: Colonne5 | F1: Colonne6 | G1: Colonne62 | H1: Colonne7 | I1: Colonne8
B2: NATHAN | C2: DAVE | D2: CORINCE | E2: LOUIS | F2: MECHACK | G2: MONICA | H2: JENO | I2: TOTAL
A3: 1ERE COTISATIONS 2023-2024 | B3: 89000 | C3: 0 | D3: 0 | E3: 10000 | F3: 234000 | G3: 0 | H3: 50000
A5: DETTES | B5: 151000 | C5: 240000 | D5: 240000 | E5: 230000 | F5: 6000 | H5: 190000
B6: =Suivi_Hebdomadaire!H2 -> 10000 | C6: =Suivi_Hebdomadaire!H3 -> 0 | D6: =Suivi_Hebdomadaire!H4 -> 0 | E6: =Suivi_Hebdomadaire!H5 -> 0 | F6: =Suivi_Hebdomadaire!H6 -> 0 | G6: =Suivi_Hebdomadaire!H7 -> 0 | H6: =Suivi_Hebdomadaire!H8 -> 0 | I6: =Suivi_Hebdomadaire!H9 -> 0
A7: 2ème cotisations 2024-2026 | B7: 10000 | C7: 50000 | D7: 90000 | E7: 300000 | F7: 110000 | G7: 130000 | H7: 25000
B8: =Suivi_Hebdomadaire!I2 -> 0 | C8: =Suivi_Hebdomadaire!I3 -> 0 | D8: =Suivi_Hebdomadaire!I4 -> 0 | E8: =Suivi_Hebdomadaire!I5 -> 0 | F8: =Suivi_Hebdomadaire!I6 -> 0 | G8: =Suivi_Hebdomadaire!I7 -> 0 | H8: =Suivi_Hebdomadaire!I8 -> 0 | I8: =Suivi_Hebdomadaire!I9 -> 0
A9: DETTES | B9: 210000 | C9: 200000 | D9: 180000 | E9: 50000 | F9: 110000 | H9: 195000
A13: TOTAL DETTES | B13: =(B5+B9) -> 361000 | C13: =(C5+C9) -> 440000 | D13: =(D5+D9) -> 420000 | E13: =(E5+E9) -> 280000 | F13: =(F5+F9) -> 116000 | G13: =(G5+G9) -> 0 | H13: =(H5+H9) -> 385000
A14: SOMME TOTAL | B14: =SUM(B3+B7) -> 99000 | C14: =SUM(C3+C7) -> 50000 | D14: =SUM(D3+D7) -> 90000 | E14: =SUM(E3+E7) -> 310000 | F14: =SUM(F3+F7) -> 344000 | G14: =SUM(G3+G7) -> 130000 | H14: =SUM(H3+H7) -> 75000 | I14: =SUM(Tableau1[[#This Row],[Colonne2]:[Colonne7]]) -> 1098000
